﻿<?xml version="1.0" encoding="utf-8" ?>
<Years>
  <Year>
    <Number>1960</Number>
    <Value>1960</Value>
  </Year>
  <Year>
    <Number>1961</Number>
    <Value>1961</Value>
  </Year>
  <Year>
    <Number>1962</Number>
    <Value>1962</Value>
  </Year>
  <Year>
    <Number>1963</Number>
    <Value>1963</Value>
  </Year>
  <Year>
    <Number>1964</Number>
    <Value>1964</Value>
  </Year>
  <Year>
    <Number>1965</Number>
    <Value>1965</Value>
  </Year>
  <Year>
    <Number>1966</Number>
    <Value>1966</Value>
  </Year>
  <Year>
    <Number>1967</Number>
    <Value>1967</Value>
  </Year>
  <Year>
    <Number>1968</Number>
    <Value>1968</Value>
  </Year>
  <Year>
    <Number>1969</Number>
    <Value>1969</Value>
  </Year>
  <Year>
    <Number>1970</Number>
    <Value>1970</Value>
  </Year>
  <Year>
    <Number>1971</Number>
    <Value>1971</Value>
  </Year>
  <Year>
    <Number>1972</Number>
    <Value>1972</Value>
  </Year>
  <Year>
    <Number>1973</Number>
    <Value>1973</Value>
  </Year>
  <Year>
    <Number>1974</Number>
    <Value>1974</Value>
  </Year>
  <Year>
    <Number>1975</Number>
    <Value>1975</Value>
  </Year>
  <Year>
    <Number>1976</Number>
    <Value>1976</Value>
  </Year>
  <Year>
    <Number>1977</Number>
    <Value>1977</Value>
  </Year>
  <Year>
    <Number>1978</Number>
    <Value>1978</Value>
  </Year>
  <Year>
    <Number>1979</Number>
    <Value>1979</Value>
  </Year>
  <Year>
    <Number>1980</Number>
    <Value>1980</Value>
  </Year>
  <Year>
    <Number>1981</Number>
    <Value>1981</Value>
  </Year>
  <Year>
    <Number>1982</Number>
    <Value>1982</Value>
  </Year>
  <Year>
    <Number>1983</Number>
    <Value>1983</Value>
  </Year>
  <Year>
    <Number>1984</Number>
    <Value>1984</Value>
  </Year>
  <Year>
    <Number>1985</Number>
    <Value>1985</Value>
  </Year>
  <Year>
    <Number>1986</Number>
    <Value>1986</Value>
  </Year>
  <Year>
    <Number>1987</Number>
    <Value>1987</Value>
  </Year>
  <Year>
    <Number>1988</Number>
    <Value>1988</Value>
  </Year>
  <Year>
    <Number>1989</Number>
    <Value>1989</Value>
  </Year>
  <Year>
    <Number>1990</Number>
    <Value>1990</Value>
  </Year>
  <Year>
    <Number>1991</Number>
    <Value>1991</Value>
  </Year>
   <Year>
    <Number>1992</Number>
    <Value>1992</Value>
  </Year>
  <Year>
    <Number>1993</Number>
    <Value>1993</Value>
  </Year>
  <Year>
    <Number>1994</Number>
    <Value>1994</Value>
  </Year>
  <Year>
    <Number>1995</Number>
    <Value>1995</Value>
  </Year>
  <Year>
    <Number>1996</Number>
    <Value>1996</Value>
  </Year>
  <Year>
    <Number>1997</Number>
    <Value>1997</Value>
  </Year>
  <Year>
    <Number>1998</Number>
    <Value>1998</Value>
  </Year>
  <Year>
    <Number>1999</Number>
    <Value>1999</Value>
  </Year>
  <Year>
    <Number>2000</Number>
    <Value>2000</Value>
  </Year>
  <Year>
    <Number>2001</Number>
    <Value>2001</Value>
  </Year>
  <Year>
    <Number>2002</Number>
    <Value>2002</Value>
  </Year>
  <Year>
    <Number>2003</Number>
    <Value>2003</Value>
  </Year>
  <Year>
    <Number>2004</Number>
    <Value>2004</Value>
  </Year>
  <Year>
    <Number>2005</Number>
    <Value>2005</Value>
  </Year>
  <Year>
    <Number>2006</Number>
    <Value>2006</Value>
  </Year>
  <Year>
    <Number>2007</Number>
    <Value>2007</Value>
  </Year>
  <Year>
    <Number>2008</Number>
    <Value>2008</Value>
  </Year>
  <Year>
    <Number>2009</Number>
    <Value>2009</Value>
  </Year>
  <Year>
    <Number>2010</Number>
    <Value>2010</Value>
  </Year>
  <Year>
    <Number>2011</Number>
    <Value>2011</Value>
  </Year>
  <Year>
    <Number>2012</Number>
    <Value>2012</Value>
  </Year>
  <Year>
    <Number>2013</Number>
    <Value>2013</Value>
  </Year>
</Years>